Contrast,Correlation,Energy,Homogeneity,meanR,meanG,meanB,meanH,meanS,meanV,meanY,meanCb,meanCr,meanL,meanLA,meanLB,meanGray,Class
2.339326299,0.558058273,0.232635714,0.789663729,188.8181818,138.7159091,135.9318182,0.019709485,0.263030726,0.740463458,147.6931818,119.375,150.1704545,61.95787956,18.41339883,8.888100176,153.3522727,1
3.209423819,0.793690237,0.197332152,0.8362933,151.610766,109.1449275,109.2712215,0.355900738,0.225606817,0.594552024,120.6356108,121.7888199,146.6459627,49.1879982,16.00866021,6.322045739,121.8612836,1
2.457024793,0.663275342,0.34172343,0.863946035,184.4469697,130.1212121,131.6969697,0.602219809,0.273379362,0.72332145,141.8636364,120.6212121,151.8106061,59.18843275,20.76326895,7.432436227,146.5833333,1
2.425820707,0.682651449,0.295004538,0.803363809,182.6944444,130.0833333,132.4166667,0.743766584,0.25971972,0.716448802,141.4722222,121.1944444,150.9351852,58.86413355,20.11128501,6.710267889,146.0648148,1
4.389474759,0.742001462,0.137251633,0.748153046,126.5263158,76.23219814,86.22600619,0.729470397,0.319230825,0.496181631,95.33126935,124.9133127,149.380805,37.73491322,21.30137275,3.077802607,92.38080495,1
1.931874416,0.726394568,0.120671399,0.734885037,176.2962963,103.4675926,123.5632716,0.856300237,0.373835525,0.691358025,125.5154321,126.0401235,158.5648148,51.83642564,30.86072511,1.649766227,127.5339506,1
1.751082251,0.692251048,0.16671026,0.740369576,184.25,118.71875,134.7083333,0.910021956,0.338490162,0.72254902,136.3541667,125.2916667,155.6666667,56.6908668,27.48437389,2.01403504,140.15625,1
3.106919643,0.755095608,0.106679702,0.698840067,149.9333333,87.50588235,99.61960784,0.740259588,0.322211706,0.587973856,108.3647059,124.0509804,154.5686275,43.77873572,25.81849454,4.10870794,107.5333333,1
4.464285714,0.119811675,0.097204507,0.633263653,181.1632653,89.93877551,108.3061224,0.947345664,0.498253208,0.710444178,118.4285714,122.5714286,166.7959184,49.45774258,38.2827465,6.984863239,119.3877551,1
3.1875,0.153335462,0.079153378,0.576085758,213.55,120.075,137.35,0.969504477,0.437504653,0.83745098,144.825,121.75,167.825,61.21402099,38.22322581,6.874518051,150.025,1
1.807689553,0.749726898,0.126132916,0.733386143,181.3395722,112.144385,128.6283422,0.862595466,0.345897848,0.711135577,131.6818182,125.0026738,157.2406417,54.52964957,28.8575928,2.626448299,134.7139037,1
3.106872294,0.629309505,0.101628969,0.668909331,161.6904762,88.67857143,103.8690476,0.885695706,0.414303147,0.634080299,112.4404762,123.8690476,159,46.05793196,30.84591764,4.754054053,112.2619048,1
2.185308442,0.581597897,0.301006582,0.803425904,115.1363636,53.27272727,45.90909091,0.017012293,0.565976021,0.451515152,76.875,115.5568182,155.7613636,30.42089758,26.07054074,17.20774195,70.85227273,1
1.428524034,0.833241313,0.152421135,0.880569494,141.9494302,75.85470085,68.64458689,0.102862111,0.454342436,0.556664432,97.40954416,115.0448718,157.545584,39.8502884,26.25080501,16.45888543,94.80128205,1
3.029101732,0.598533033,0.341315131,0.818290056,120.6727273,58.2,42.85454545,0.029437084,0.578421047,0.473226381,80.52121212,112.0787879,156.5515152,32.28986162,25.16243319,21.4471631,75.13333333,1
2.336818182,0.744477902,0.296414256,0.838988907,133.0082645,67.76859504,57.09917355,0.021679705,0.513009227,0.521601037,89.90909091,113.661157,157.4545455,36.55192231,26.02833621,18.65955709,86.04132231,1
1.290239231,0.911762806,0.218020931,0.886201363,114.3284314,62.92973856,62.52777778,0.289901748,0.305679591,0.44834679,83.20669935,120.1993464,150.5996732,32.56674709,20.60358805,9.529967109,78.24918301,1
2.229135101,0.241091286,0.289096411,0.799499083,150.8787879,80.97979798,74.19191919,0.014545872,0.491438898,0.591681521,102.7676768,114.6363636,159.1919192,42.55534707,28.05058942,16.91258559,101.0606061,1
1.438194444,0.549344987,0.268325135,0.831757606,150.7222222,80.87037037,66.38888889,0.028024364,0.54982167,0.591067538,101.962963,111.3518519,159.7592593,42.33043653,27.38679304,21.28918393,100.0740741,1
2.141823308,0.741935418,0.315996692,0.824973557,155.16,88.81,81.41333333,0.025037364,0.417094891,0.608470588,108.5866667,114.8766667,157.6933333,44.80845616,25.68740608,15.79277969,107.8166667,1
2.974707602,0.605828322,0.309452092,0.864325997,165.1894737,99.10263158,92.87894737,0.025560514,0.402380271,0.647801858,117.4921053,115.5578947,157.4763158,48.73520039,25.41087933,14.68429894,118.1684211,1
2.247957451,0.823537763,0.151878678,0.847582161,139.2114286,81.27,77.88285714,0.152776329,0.345886816,0.545927171,100.3385714,117.9357143,153.6642857,40.60204752,22.64712376,11.98371589,98.20714286,1
1.630321558,0.840209778,0.331356982,0.863220382,148.4044118,86.45098039,90.21568627,0.670467793,0.358975033,0.581978085,106.5343137,120.4411765,154.9240196,43.49713841,25.21599009,8.708224964,105.4142157,1
2.271040912,0.807041926,0.153288057,0.834937174,124.8866667,67.65666667,68.29,0.432533563,0.352448659,0.489751634,88.85833333,119.8683333,153.0783333,35.43958863,23.3184132,10.22789562,84.825,1
2.151537698,0.358549803,0.239765449,0.790522152,178.3174603,99.71428571,108,0.95184813,0.424591903,0.699284158,122.6349206,119.9206349,161.9206349,51.22801049,32.15552254,9.391201066,124.0793651,1
3.157924107,0.276172151,0.782447859,0.912442425,224.3055556,139.4027778,122.9166667,0.025996503,0.433034064,0.87962963,155.8611111,108.1666667,166.3888889,65.87148785,30.11884339,22.18420816,162.9166667,1
3.040816327,0.624328471,0.12991095,0.754075668,206.5619048,100.9666667,92.91904762,0.011088346,0.488994781,0.810046685,129.0238095,108.8,174.947619,55.01988711,39.77518592,24.225877,131.647619,1
2.811395202,0.402810129,0.132171198,0.699132132,208.1759259,97.75,91.4537037,0.04615454,0.511749963,0.81637618,127.7222222,108.8796296,176.9444444,54.7872404,42.02848543,24.64577055,130.0277778,1
1.835714286,0.472140209,0.292721974,0.80103458,233.9375,117.6458333,112.7708333,0.089830391,0.502455064,0.917401961,146.4375,108.625,179.4166667,62.71884585,43.90080555,23.59697086,151.8541667,1
2.686507937,0.06403557,0.259556485,0.803908022,238.7346939,128.7346939,123.5510204,0.008050098,0.478644564,0.936214486,154.3877551,109.4081633,176.6326531,65.77782468,41.22502318,21.85780757,161.0816327,1
1.757575758,0.519512424,0.084720309,0.624400253,172.6875,80.3125,64.79166667,0.023341442,0.61094629,0.677205882,107.2291667,107.4583333,169.7291667,45.61723978,36.10921793,27.19732556,106.2291667,1
1.337673611,0.242602778,0.424492429,0.838765501,232.6222222,140.0222222,117.5555556,0.031912665,0.483832868,0.912244009,157.8666667,104.4666667,170.2444444,67.36272544,32.72817034,26.95978232,165.1111111,1
1.101776961,0.725811449,0.162563959,0.750235907,119.1764706,71.24509804,55.38235294,0.040802662,0.534094314,0.467358708,87.91176471,113.9705882,150.127451,35.35940831,18.54657191,18.06557541,83.78431373,1
1.721938527,0.707196886,0.086688636,0.738260858,93.5628655,51.09356725,38.43859649,0.03406646,0.511087137,0.366918931,69.55409357,116.121345,147.5570175,26.4410206,17.17858735,15.90495042,62.3377193,1
0.864831217,0.786374478,0.657369243,0.934040039,99.04278075,53.85561497,39.29946524,0.039297369,0.583697875,0.388403062,72.37433155,114.9465241,149.0962567,27.92333275,18.43112909,17.73614645,65.57219251,1
2.244588745,0.674221058,0.172069066,0.802383347,114.7926136,66.29829545,53.46022727,0.031597037,0.476986453,0.450167112,84.11647727,115.1477273,150.2272727,33.52446722,19.042712,16.45919223,79.34375,1
2.314664502,0.55863062,0.166371088,0.705575096,128.4880952,83.83333333,72.21428571,0.032128056,0.407345146,0.503874883,98.29761905,116.3095238,148.5,40.04933037,16.83932304,14.20844194,95.78571429,1
2.806662088,0.718388456,0.274595653,0.834097522,139.9641026,96.66666667,86.78974359,0.026866545,0.322116806,0.548878834,109.1589744,117.2923077,147.7282051,44.77311542,15.72922872,12.31767716,108.4717949,1
1.819523702,0.727841397,0.378445992,0.890019979,166.4416667,111.93,107.2383333,0.017330551,0.320699913,0.652712418,125.6633333,117.9166667,152.295,52.28947917,20.56373013,11.29310261,127.6816667,1
2.013161147,0.828726757,0.201729919,0.865515284,129.6591784,88.69512195,82.74582798,0.021106813,0.280234894,0.508467366,102.114249,119.3818999,146.4223363,41.27424786,15.30582263,9.840474474,100.2560976,1
1.958088538,0.585076774,0.321662587,0.882102604,157.1623377,107.8809524,96.65367965,0.028962879,0.364455239,0.616322893,120.2142857,115.7792208,150.478355,50.08054744,17.94942633,14.05556313,121.3463203,1
1.718494152,0.748830821,0.470164452,0.867121573,173.8355263,120.8059211,121.3223684,0.52512205,0.273410423,0.681707946,133.4046053,120.4539474,151.2401316,55.49260256,20.31904943,7.918695935,136.7236842,1
1.895563741,0.867351396,0.266490644,0.85965188,147.1310096,98.53846154,101.7776442,0.701968669,0.251645338,0.576984351,113.4182692,122.2127404,149.1141827,46.04342011,19.10622306,5.963517603,113.4362981,1
1.960515873,0.623345719,0.285127472,0.825425957,174.26,115.5066667,124.24,0.92327666,0.319193596,0.683372549,131.1866667,123.1533333,153.2133333,54.53421467,23.99067117,4.690550766,134.0933333,1
1.942644841,0.728523705,0.340707147,0.842945642,172.35,111.8630435,117.9565217,0.866035122,0.31237105,0.675882353,128.2065217,121.7065217,154.1413043,53.12184156,24.17502605,6.51108431,130.6608696,1
2.241686508,0.807839548,0.153502089,0.815536588,129.4986667,80.248,85.736,0.751508172,0.311906959,0.507837908,98.112,123.1093333,149.232,39.31138578,20.46072303,5.346823204,95.60533333,1
2.330703367,0.748919431,0.28155371,0.815758623,161.3823529,108.2088235,112.4647059,0.78040361,0.281203715,0.632871972,123,121.9823529,151.0382353,50.62824676,21.07013507,6.156905572,124.5941176,1
3.867288961,0.667872389,0.19329997,0.755203019,109.6770833,70.02083333,70.72916667,0.456830216,0.304822408,0.430106209,86.4375,122.3958333,145.3229167,33.97609706,16.41380141,6.396765412,81.94791667,1
1.66743167,0.506722853,0.281629741,0.830894696,187.6818182,125.0858586,131.7929293,0.942899858,0.319673256,0.73600713,140.1464646,121.6666667,155.0252525,58.64790938,24.96541625,6.351541258,144.5606061,1
1.456525769,0.767411286,0.246124628,0.855772076,102.7997775,41.46273637,42.02558398,0.37203082,0.464572228,0.403136382,67.42714127,119.1490545,154.9032258,26.47580012,25.58071547,14.17084982,59.84983315,1
1.940419823,0.684570907,0.319888,0.822982428,169.8148148,103.7222222,89.25925926,0.027389927,0.440430262,0.66594045,120.6203704,111.8611111,158.0462963,50.40431119,24.47158744,19.07235535,121.8425926,1
2.305147828,0.381909784,0.229348995,0.810027122,163.3952381,88.3,81.11904762,0.013921616,0.489313819,0.64076564,110.4238095,113.752381,161.4952381,46.01457485,29.66082671,17.80097949,109.952381,1
1.665798611,-0.010061989,0.410308461,0.850740947,175.3580247,102.3333333,90.59259259,0.02333597,0.481514194,0.687678528,121.5555556,111.9753086,160.9506173,51.09267597,27.90852642,19.25283574,122.8518519,1
3.186805556,0.343289833,0.622039689,0.844744957,209.4259259,146.4074074,130.8703704,0.032554847,0.367736282,0.821278141,156.3888889,111.8333333,156.8333333,65.97991467,21.60488216,17.60905431,163.5,1
2.794961735,0.559105609,0.673383793,0.883218942,211.375,144.2321429,135.9285714,0.017291856,0.337584429,0.828921569,156.3214286,114.3035714,157.9464286,65.60672792,24.0021157,14.51753215,163.375,1
2.300670163,0.706368527,0.239887101,0.790572552,164.0769231,95.72027972,88.69230769,0.013431433,0.406101462,0.643438914,115.0699301,114.7552448,158.5314685,47.68689642,26.24898147,15.68206296,115.3566434,1
1.722748465,0.84293413,0.184954516,0.840641625,150.8573668,88.86206897,78.6661442,0.018490305,0.389018891,0.591597517,107.2335423,114.3087774,155.9482759,44.00006955,23.3977684,16.32667417,106.2382445,1
2.614484127,0.2784549,0.225740052,0.751793509,181.65,109.7,104.3875,0.01089852,0.40858883,0.712352941,128.1875,115.0125,159.9625,53.66435206,27.63004793,15.02803784,130.625,1
2.236625874,0.63605353,0.250049215,0.787201479,188.5804196,117.7552448,109.5244755,0.015932348,0.38587947,0.739531057,134.4965035,113.8951049,159.6713287,56.36314476,26.31863968,15.97325559,138,1
1.960143849,0.222167835,0.334613473,0.792945188,191.0982143,119.6071429,110.6785714,0.018528511,0.419730194,0.749404762,136.2232143,113.4285714,160,57.43490783,26.81913772,16.61899211,139.9642857,1
2.244078947,0.792925132,0.245857443,0.772785784,160.08,98.565,90.355,0.016074288,0.364626887,0.627764706,115.61,115.285,155.62,47.61288927,23.04211553,14.66625232,116.03,1
2.857592593,0.587368557,0.216388477,0.740996914,187.7333333,120.4333333,115.3,0.010740353,0.364764422,0.73620915,136.2,115.7,157.9,56.92296113,25.25711076,13.55897374,139.9666667,1
2.695798898,0.492698684,0.333891362,0.815316435,185.8863636,107.3030303,103.0454545,0.008219425,0.416763982,0.728966132,127.8636364,114.4469697,162.7954545,53.58897585,30.25004721,15.84294943,130.3484848,1
2.216363636,0.288106691,0.472528409,0.846350108,201.553719,122.8760331,112.9752066,0.025737501,0.429741985,0.790406741,140.8016529,111.9917355,163.2066116,59.36870311,29.23928916,18.33747173,145.231405,1
2.242810458,0.755259234,0.241670733,0.791329834,174.2676768,105.5454545,97.66666667,0.015384487,0.384532117,0.683402654,123.520202,114.3888889,158.7525253,51.28510534,25.75989196,15.73552444,125.1868687,1
1.704917281,0.796483446,0.455133044,0.884903995,180.9712919,107.1602871,83.4138756,0.036062495,0.477849553,0.709691341,124.6507177,106.6339713,162.1411483,52.37551026,26.29157498,25.2502821,126.5526316,1
3.188257256,0.590689803,0.277650832,0.853380532,181.3131868,106.1208791,81.17582418,0.037893293,0.500266241,0.711032105,123.9835165,105.9725275,162.8076923,52.1742566,26.83829025,26.24911099,125.7857143,1
2.532615166,0.731783491,0.282341227,0.809284401,174.8492063,102.9424603,79.5297619,0.035558898,0.468918185,0.685683162,120.6031746,107.0793651,161.2619048,50.43034953,25.58927549,24.77778877,121.7539683,1
2.191495552,0.854040515,0.304077763,0.882778703,150.3832659,87.20445344,68.35290148,0.027377997,0.383976694,0.589738297,105.2732794,110.4439946,157.1079622,42.9651063,22.54890191,20.84472657,103.9446694,1
2.289624183,0.542683816,0.298585043,0.844563853,198.2740741,115.0037037,89.32962963,0.037823931,0.521477525,0.777545389,133.6481481,104.4296296,166.3962963,56.67635055,29.74578463,27.95631738,136.9777778,1
2.070450645,0.732352029,0.34943109,0.83543853,189.5,109.8869565,86.02826087,0.034929768,0.484254034,0.743137255,128.4891304,105.7630435,164.6630435,54.137529,28.39457187,26.30508346,131.0021739,1
3.630758664,0.530957585,0.285682955,0.854988945,182.3791209,108.4340659,80.86263736,0.040810156,0.501270918,0.715212239,125.3791209,105.0494505,162.467033,52.83397712,25.99044286,27.25868401,127.3791209,1
2.653183886,0.775241665,0.250201972,0.851358673,176.2354571,107.7257618,83.6398892,0.037747626,0.454046847,0.691119439,123.7811634,107.3434903,159.8310249,51.58361484,23.87163813,24.12108123,125.4626039,1
1.57594697,0.489932441,0.308006701,0.832630965,219.4555556,130.1,102.8555556,0.037909329,0.513364553,0.860610022,148.0388889,102.8166667,169.2,63.12399532,31.40360993,29.27499155,153.6944444,1
2.705221861,0.697110099,0.102169912,0.737335408,156.0520833,90.53125,67.38541667,0.038174771,0.501364952,0.611968954,108.3125,108.1041667,158.4895833,44.92692636,23.79372562,24.15926945,107.5,1
3.081632653,0.237676921,0.506571155,0.855286534,221.984375,139.484375,112.953125,0.04034423,0.482947806,0.870526961,154.34375,104.171875,166.078125,65.49607165,28.28471634,27.0580928,161.171875,1
2.873506229,0.821218804,0.181637464,0.809413818,150.120614,89.96491228,69.00219298,0.033142621,0.417419595,0.58870829,106.6447368,109.8903509,155.9188596,43.69096317,21.27758718,21.39529648,105.5526316,1
1.894116564,0.820092886,0.260015334,0.866176238,204.537037,109.0555556,77.73580247,0.03537795,0.527211094,0.802110869,131.1049383,100.0864198,172.1740741,55.71578206,33.86932474,33.09402868,134.008642,1
3.986805556,0.580175795,0.404931559,0.795978718,204.7625,117.6875,100.7875,0.023585417,0.443364268,0.802990196,137.7875,107.7,167.5125,57.9323726,31.426842,23.53051726,141.7375,1
1.638392857,0.348626189,0.882194268,0.952031706,237.375,136.0625,87.90625,0.052590987,0.619003555,0.930882353,154.15625,91.78125,175.921875,66.5007636,34.27164664,41.93557793,160.90625,1
3.216491841,0.644723742,0.588420965,0.869846894,209.827381,119.2321429,78.94047619,0.045077883,0.555377456,0.822852474,137.7202381,96.85714286,170.6904762,58.64830011,30.99946779,36.17945377,141.7559524,1
2.757387057,0.620164236,0.138940661,0.772320874,121.7692308,53.29230769,26.93846154,0.041280135,0.69518583,0.477526395,76.76410256,106.3589744,159.9179487,31.31120922,27.32276904,29.41298436,70.73846154,1
1.476562764,0.833847613,0.104729681,0.820125226,104.7071256,43.2910628,24.87318841,0.030333598,0.595815377,0.410616179,67.13888889,110.7940821,156.2844203,26.4431591,24.67420377,23.85103701,59.53623188,1
1.973782889,0.735178562,0.082662347,0.72710089,144.2469136,69.718107,42.67489712,0.039302114,0.610185165,0.565674171,92.35802469,105.0555556,162.654321,38.51307584,28.35627458,29.71265937,88.92798354,1
1.755136846,0.615072617,0.085680306,0.749020094,112.7529412,44.60588235,18.32352941,0.044830306,0.823479059,0.442168397,69.26470588,106.3823529,159.8058824,27.75675548,28.22940144,30.27893251,61.98235294,1
3.48809395,0.597854672,0.135820109,0.75595507,127.0562771,58.09090909,26.22294372,0.043475777,0.652934957,0.49825991,80.47186147,103.7683983,160.5411255,33.0927259,26.47361089,31.34080097,75.06060606,1
1.766548426,0.787042445,0.162354557,0.818144218,145.4227331,68.95913155,36.56960409,0.041695566,0.624873423,0.570285228,91.69859515,102.4291188,163.8748404,38.40482967,28.79406918,32.63965388,88.15070243,1
1.74268328,0.797773579,0.074843352,0.759696225,103.8438134,41.32251521,19.4148073,0.034585716,0.652689724,0.407230641,65.39655172,109.1004057,157.0324544,25.82396002,25.30278482,26.18565954,57.51622718,1
1.905979938,0.550555071,0.063982779,0.595701517,105.9666667,3.6,11.64444444,0.98703827,0.965980812,0.415555556,46.12222222,116.4111111,172.4222222,20.68995865,41.36898141,26.57210804,35.08888889,1
1.339056777,0.717691445,0.235346518,0.822323064,95.51020408,3.510204082,12.95918367,0.932848132,0.924546147,0.37454982,43.57142857,118.5306122,167.755102,18.47001773,37.72370876,22.56974773,32.06122449,1
3.329960317,0.562961602,0.200546676,0.770736332,121.04,87.19333333,93.39333333,0.87895476,0.260354567,0.474666667,100.2066667,125.68,142.46,40.34780479,14.62157825,1.92307465,98.04666667,1
2.16134279,0.86479391,0.269551413,0.84939511,110.0859788,80.02821869,83.51322751,0.660429419,0.189853498,0.431709721,92.80246914,125.106261,140.9444444,36.516698,12.24937592,2.753283951,89.42063492,1
3.95208963,0.71288601,0.1426997,0.742653056,126.2004831,93.70289855,98.32850242,0.768630658,0.214923242,0.494903855,105.2657005,125.236715,141.9275362,42.38022047,13.3568667,2.451829622,103.9661836,1
2.718888889,0.793859629,0.432624074,0.838205467,139.6833333,103.4166667,108.5666667,0.829282214,0.220054256,0.547777778,114.6166667,124.9,143.55,46.93458218,14.8542856,2.726477583,114.8833333,1
3.967272203,0.676056806,0.272510399,0.789284913,135.617284,98.50617284,104.2993827,0.795461007,0.235793284,0.53184459,110.6635802,125.0493827,143.8796296,44.86025629,15.23316053,2.578808694,110.2561728,1
1.991280511,0.824860957,0.311622604,0.854571171,123.5479167,87.84583333,94.6625,0.790904562,0.238701612,0.484509804,101.28125,125.725,143.15625,40.79725173,15.22051389,1.892801981,99.29375,1
1.841485732,0.886696244,0.275427777,0.87558828,95.60817308,66.39182692,70.91346154,0.67606888,0.212777092,0.374934012,80.97956731,125.6490385,140.46875,31.2249666,12.52919424,2.218385253,75.64663462,1
1.59375,-0.016551579,0.936649931,0.971540179,153.4464286,113.6785714,121.9107143,0.965493066,0.25889564,0.6017507,124.7142857,125.6964286,144.8035714,51.87899787,16.91765431,1.61113427,126.5357143,1
1.720971254,0.842409159,0.285027156,0.870881056,133.058032,90.7804878,98.81665265,0.803895407,0.267300796,0.5218028,105.6257359,125.3069807,146.000841,42.77755737,17.94033487,2.434607567,104.352397,1
2.498447248,0.69791834,0.285514739,0.829552401,140.9362745,102.0245098,110.0245098,0.869766278,0.249560574,0.552691273,114.3676471,125.7107843,144.4901961,46.89466056,16.50405346,1.675606105,114.5294118,1
3.409325397,0.415562694,0.044958821,0.519064153,191.5,125.5238095,118.1190476,0.016581417,0.383116321,0.750980392,139.9761905,114.952381,157.547619,59.21661456,24.71925241,14.62940208,144.3809524,1
2.842320937,0.65594363,0.306376761,0.838455579,158.8863636,101.6893939,97.4469697,0.010291192,0.347302286,0.623083779,117.5833333,117.6590909,153.4015152,48.64862882,22.01501094,11.76159504,118.3106061,1
2.977035985,0.53843616,0.287151958,0.76662364,125.2685185,74.5,74.4537037,0.361756795,0.370659503,0.491249092,93.0462963,120.4722222,150.3240741,37.36701007,21.03770765,9.076179825,89.67592593,1
2.522560691,0.699538486,0.161980895,0.792521898,146.6185185,85.45925926,84.02962963,0.18127779,0.37066912,0.574974582,104.9407407,118.3148148,154.9777778,42.97096143,24.3814538,11.64748466,103.5703704,1
3.719660548,0.742746799,0.52228177,0.877046651,182.0833333,138.4807692,116.3461538,0.046919091,0.300526348,0.714052288,143.9487179,111.8589744,148.775641,59.93436149,13.01764337,17.55402766,149.1025641,0
3.604955808,0.641581518,0.415925077,0.784416937,188.5050505,144.9191919,120.6464646,0.053583385,0.326902597,0.739235492,149.3030303,110.9090909,148.8080808,62.53282712,12.7164355,18.65211064,155.1515152,0
4.399715909,0.592918212,0.376371625,0.760093908,184.5050505,141.8181818,118.0505051,0.05401066,0.330370215,0.723549218,146.4343434,111.3030303,148.3838384,61.22798817,12.49213784,18.30857343,151.8484848,0
2.319255051,0.821937152,0.320474999,0.810628532,186.7171717,142.8686869,117.9393939,0.051723077,0.315945356,0.732224203,147.4949495,110.6969697,148.8383838,61.7390922,12.74808424,19.02951962,153.0808081,0
4.000026164,0.759851075,0.442278637,0.857344906,169.1904762,129.7761905,105.6047619,0.050144208,0.297094751,0.663492063,135.2,111.4619048,147.0285714,55.98851819,11.24281807,18.00595125,138.7761905,0
2.103368506,0.650344622,0.583790143,0.861229708,207.5909091,159.5,132.4090909,0.05602646,0.337350834,0.814081996,162.6590909,109.0795455,150.9431818,68.80505341,13.95135302,20.67534466,170.7613636,0
3.328522727,0.205895011,0.156765418,0.643088068,222.6727273,169.1636364,138.1636364,0.061190149,0.379248137,0.873226381,171.9818182,106.4181818,153.7636364,73.39682896,15.57061853,23.58148125,181.5272727,0
3.193920693,0.801557832,0.324997586,0.82204091,174.5333333,134.0745098,109.1764706,0.05117094,0.302017816,0.684444444,139.0862745,111.1098039,147.5333333,57.8008978,11.49608829,18.48310061,143.2784314,0
1.102683081,0.050590204,0.908359437,0.96585216,236.6666667,183.3030303,153.3636364,0.059927933,0.351929825,0.928104575,184.2020202,107.1212121,153.3737374,78.48144995,15.27377939,22.60980397,195.8080808,0
4.091964286,0.312563132,0.045995607,0.496539824,237.4375,183.4166667,151.5208333,0.061853689,0.36195162,0.931127451,184.2291667,105.9166667,153.9791667,78.67726515,15.32053143,23.74056418,195.8958333,0
5.310064935,0.553410497,0.383849328,0.754212727,194.0416667,149.6770833,124.1875,0.057656871,0.340587029,0.760947712,153.4479167,110.2708333,149.2916667,64.36605632,12.83541915,19.40277641,160.03125,0
3.402469136,0.520498507,0.736391532,0.905587017,211.4777778,162.9333333,134.6888889,0.056757573,0.334474264,0.829324619,165.6,108.4111111,151.2444444,69.90497582,13.85568096,21.16836059,174.1888889,0
3.148452381,0.191045953,0.698222052,0.89827381,228.9333333,177.0333333,147.6444444,0.06027243,0.35526207,0.897777778,178.4777778,107.4222222,153,76.12031458,14.93278074,22.2861169,189.1666667,0
2.711241472,0.775995325,0.490620209,0.865959119,194.9747368,151.2968421,125.3368421,0.053790635,0.3095357,0.764606811,154.6084211,110.1494737,149.1326316,64.86111004,12.38071331,19.3428684,161.3136842,0
1.939015152,0.504255769,0.694609751,0.884901245,222.6493506,172.4285714,142.9220779,0.060109979,0.348118517,0.873134708,174.0909091,107.5584416,152.2207792,73.91520716,14.27378484,22.04525745,184.025974,0
3.813888889,0.5881709,0.504039986,0.814017637,199.3666667,154.05,125.4166667,0.060237453,0.345296203,0.781830065,157.15,108.6,149.95,66.17816932,12.75228076,21.08927602,164.2833333,0
1.261243386,0.089630471,0.767155595,0.923980379,230.1857143,176.4142857,149.5285714,0.055567119,0.350569877,0.902689076,178.6428571,108.4142857,153.7857143,76.08451489,15.96434381,21.2964416,189.5142857,0
3.084981685,0.229285384,0.062317873,0.550985958,240.3928571,187.3690476,155.1785714,0.062945727,0.354517652,0.942717087,187.4404762,105.9880952,153.8809524,79.99126494,14.80345356,23.62852772,199.3928571,0
2.950520833,0.686134872,0.60754809,0.876106771,204.4938272,158.1358025,129.9382716,0.057539595,0.332547459,0.801936577,160.8765432,108.7407407,150.345679,67.85481216,13.10870003,20.90135179,168.7160494,0
3.339980159,0.69727085,0.528763267,0.857781557,194.2,149.775,123.1375,0.055796148,0.324654443,0.761568627,153.4375,109.625,149.3125,64.38036711,12.64908953,19.87610458,160.0125,0
3.776925505,0.580004919,0.558009688,0.855644841,201.1414141,156.0909091,129.040404,0.057932206,0.333782205,0.788789859,159.010101,109.3535354,149.8282828,66.82233085,12.74724997,20.11228693,166.3737374,0
3.361329201,0.741806591,0.603982073,0.904596677,193.7727273,149.7878788,124.1212121,0.052251292,0.304792738,0.759893048,153.4469697,110.1287879,149.1818182,64.17639987,12.52240228,19.20178481,159.9621212,0
0.413127671,0.096232265,0.827338974,0.951992633,239.1452991,185.2991453,155.3504274,0.059562629,0.350383245,0.937824703,186.025641,107.0512821,153.6068376,79.32821559,15.42830964,22.65973454,197.965812,0
1.771479501,0.631826194,0.38119721,0.830104901,181.989899,148.2222222,131.3181818,0.052920889,0.2652622,0.713685878,150.3434343,115.5656566,144.1212121,63.5705939,9.962108421,13.53903828,156.3838384,0
1.038888889,0.523903532,0.65787037,0.885509259,190.44,154.6,138.4,0.050852091,0.267699162,0.746823529,156.38,115.54,144.8,66.43886249,10.82771764,13.46301332,163.5,0
1.992613478,0.870549534,0.286486119,0.830448463,147.6140351,121.0245614,104.9894737,0.050414588,0.23102119,0.578878569,125.1824561,116.9298246,140.8947368,51.83731512,7.464377622,12.10589969,127.0596491,0
3.216620879,0.205653606,0.704780531,0.884460443,196.9428571,163,146.5285714,0.053883183,0.254884651,0.77232493,163.1571429,115.7285714,144.1571429,69.3326189,9.923751801,13.17110249,171.2,0
1.293284493,0.187273514,0.381477466,0.825412597,206.2071429,170.0928571,153.45,0.052527981,0.255830107,0.808655462,169.7714286,115.6428571,145.2285714,72.38218876,10.66059815,13.52228553,179.0142857,0
2.487244898,0.642394852,0.039558713,0.549404762,199.421875,163.71875,144.328125,0.058641335,0.276564116,0.782046569,163.875,113.96875,145.265625,69.94200653,10.22629127,15.00660856,172.078125,0
3.725591716,0.683552096,0.280471077,0.797748611,153.244898,125.8112245,111.0612245,0.050263521,0.241007601,0.600960384,129.6122449,117.4489796,141.0969388,53.67824388,7.912107654,11.50194402,132.2653061,0
3.505208333,0.766225225,0.450092457,0.839968275,158.1358025,130.5925926,118.2592593,0.043413466,0.220406835,0.620140402,134.0617284,118.5679012,141,55.5120639,8.198648907,10.15507852,137.3950617,0
2.528581267,0.661430041,0.314174618,0.818244417,188.5909091,153.9166667,140.2121212,0.044207677,0.240075827,0.739572193,155.7045455,116.8712121,144.1969697,65.78325541,10.6416482,11.87393243,162.7727273,0
5.033950617,0.384810469,0.459646586,0.790994268,179.15,147.56,132.65,0.056057213,0.252144229,0.702588235,149.4,116.77,142.99,62.70223945,9.320484438,12.06191202,155.31,0
2.440378555,0.783037911,0.223416371,0.781179467,174.3697479,143.605042,130.0168067,0.04417787,0.221688902,0.683802933,145.8991597,117.4495798,142.4033613,61.05305956,9.180218766,11.22696772,151.2521008,0
3.615492351,0.751906843,0.354830321,0.81210357,158.6666667,130.9087302,116.6825397,0.047524532,0.222243355,0.622222222,134.1706349,117.5873016,141.2619048,55.6125146,8.028809303,11.19167251,137.5674603,0
5.077689008,0.649286098,0.077661145,0.616947052,138.438914,114.9411765,103.39819,0.043854379,0.203673859,0.542897702,119.6063348,119.4570136,139.158371,48.91318521,6.902789111,9.275265903,120.6199095,0
2.892234848,0.666411676,0.180309144,0.733293425,181.2424242,148.4646465,132.2525253,0.049385097,0.241884376,0.710754605,150.3131313,115.959596,143.6161616,63.21651515,9.563120666,12.87302154,156.4040404,0
5.075510204,0.667246859,0.138032171,0.690529033,156.6266667,129.9644444,114.1244444,0.050869465,0.226015711,0.614222222,132.9244444,117.1288889,140.8177778,55.03001918,7.362697403,11.83023399,136.08,0
4.089814815,0.295842608,0.43201608,0.800903145,191.94,159.3,139.97,0.059717331,0.264768559,0.752705882,159.31,114.69,143.61,67.24433497,8.967911401,14.35222421,166.79,0
6.393963675,0.501481734,0.12031016,0.656144593,170.4852071,139.4023669,123.1242604,0.052961738,0.252570465,0.66856944,142.112426,116.2366864,142.7928994,59.16849963,8.956628918,12.68681007,146.8639053,0
4.184185606,0.719921954,0.305291921,0.77422961,164.4040404,136.7272727,120.9191919,0.051775362,0.221962787,0.644721727,138.979798,116.9292929,141.2424242,57.69796351,7.682019218,11.88261072,143.1818182,0
6.204081633,0.095411092,0.467388263,0.780072431,187.78125,157.21875,137.375,0.065911059,0.270927381,0.736397059,156.953125,114.765625,142.765625,66.1059091,8.103089576,14.30391344,164.03125,0
5.417052469,0.14792061,0.717213878,0.883630723,205.1444444,172.0555556,151.1222222,0.060879372,0.248818147,0.804488017,170.2444444,113.8777778,144.0888889,72.19140764,8.755230403,15.06314749,179.4666667,0
2.791179337,0.245226924,0.170568262,0.697753643,188.5037594,139.9924812,117.6691729,0.05205735,0.36994172,0.739230429,146.4586466,111.037594,150.9774436,61.9640882,15.30503,18.9415386,151.887218,0
2.183472222,0.163500654,0.388524504,0.821905478,205.11875,151.55625,128.675,0.049824098,0.373164562,0.804387255,157.69375,110.00625,152.94375,67.04407306,17.03498257,19.87784369,164.7875,0
1.351785714,0.454068515,0.826724065,0.936223781,197.5625,146.0416667,119.3541667,0.055582909,0.387978424,0.774754902,152.0416667,108.8333333,152.7083333,64.59631756,15.87676965,21.63257304,158.4375,0
3.631458896,0.780160768,0.239292696,0.804131088,128.0767519,94.33036707,81.07786429,0.032790817,0.255135466,0.502261772,104.3670745,117.2080089,143.730812,41.79906974,10.9518425,11.99817895,102.8854283,0
1.546006944,0.444813331,0.277851563,0.75119213,195.0888889,144.2888889,124.0888889,0.046102052,0.35455953,0.765054466,151,111.6666667,151.8888889,63.98902532,16.4040547,18.13284237,157.2,0
2.534722222,0.057482636,0.1648886,0.727777778,217.359375,161.34375,141.328125,0.043917737,0.349776645,0.852389706,166.96875,111.0625,153.9375,71.09607787,18.09477183,18.54287872,175.8125,0
3.948863636,0.208731612,0.248549561,0.699172348,207.7636364,155.9272727,132.9818182,0.051158069,0.360045162,0.814759358,160.9636364,110.0727273,152.2181818,68.5108282,16.22652349,19.51620126,168.6181818,0
3.775378788,0.319426997,0.178108643,0.630109127,168.1388889,122.875,103.8333333,0.048113831,0.378011264,0.659368192,131.25,112.9166667,149.2222222,55.07696931,14.86895473,17.14848882,134.2916667,0
3.069692982,0.779422666,0.190712026,0.770983568,163.9428571,120.7119048,103.2880952,0.038921433,0.301950401,0.642913165,129.052381,113.997619,148.152381,53.51571406,13.90972587,15.53104521,131.6047619,0
3.439652015,0.484966937,0.036272693,0.523130342,206.2261905,151.2261905,130.2261905,0.046052632,0.368789653,0.808730159,157.9285714,111,154,67.2570718,17.87404387,19.17740214,165.2261905,0
4.122310791,0.765747538,0.130312379,0.710129264,138.0076726,101.6700767,87.14578005,0.036519972,0.281638178,0.541206559,111.2109974,116.2468031,144.983376,45.10800261,11.80311755,13.10661093,110.8695652,0
2.261309524,0.644067288,0.178266601,0.703155864,184.7142857,134.2142857,116.3714286,0.04037371,0.342519721,0.724369748,142.4571429,112.7142857,151.4,59.85946272,16.67837668,16.93738788,147.2857143,0
3.927295918,0.162380923,0.607885549,0.841139,196.484375,147.390625,123.640625,0.055571759,0.368226432,0.770526961,152.84375,110.28125,151.265625,64.52507628,15.11599712,19.51319409,159.3125,0
5.140376984,0.421336373,0.328117742,0.738141889,186.6825397,139.6031746,120.1904762,0.045675229,0.334089692,0.732088391,146.1269841,112.4285714,150,61.40495256,14.97089712,17.03905917,151.4444444,0
4.335393773,0.375951123,0.041774846,0.486626221,216.6964286,160.6071429,143.3035714,0.039201814,0.338897409,0.849789916,166.5535714,112.1428571,154,70.90425865,18.48767703,17.16831243,175.4464286,0
2.215671296,0.155512369,0.33860308,0.805805941,204.88125,151.275,128.4875,0.049638227,0.373300611,0.803455882,157.4625,110.01875,152.9625,66.94764982,17.0716469,19.84338395,164.53125,0
4.022569444,0.465283031,0.035320216,0.50818287,210.2777778,155.6111111,131.9259259,0.050390873,0.37280139,0.824618736,161.4074074,109.2962963,153.4259259,68.78749011,17.29011119,20.40306493,169,0
1.6953125,0.660093626,0.462359182,0.810876736,190.4222222,141.2,120.2888889,0.047336284,0.352119182,0.746753813,147.8666667,111.4444444,151.0444444,62.47746619,15.70464757,18.25859079,153.4444444,0
1.733333333,0.167255536,0.463310835,0.822391582,202.8541667,150.2291667,128.9375,0.046986725,0.356767841,0.795506536,156.4166667,110.9791667,152.6458333,66.41980997,16.84216668,18.87104965,163.5208333,0
1.546006944,0.444813331,0.277851563,0.75119213,195.0888889,144.2888889,124.0888889,0.046102052,0.35455953,0.765054466,151,111.6666667,151.8888889,63.98902532,16.4040547,18.13284237,157.2,0
2.613636364,0.307376616,0.095140164,0.552651515,216.8333333,160.75,143.5833333,0.038987149,0.338023938,0.850326797,166.7916667,112.2291667,153.9375,70.95812036,18.49815006,17.09222803,175.5625,0
3.017361111,0.504326079,0.061007186,0.575075231,214.3518519,146.537037,103.8888889,0.064353009,0.515448198,0.840595497,155.1666667,99,160.5185185,66.57462474,20.91237626,32.84431355,161.9259259,0
11.84548611,0.245601113,0.043496591,0.464256262,118.9135802,80.56790123,56.90123457,0.054007619,0.439671879,0.466327766,92.69135802,111.8765432,146.5308642,36.87170024,12.35268566,19.06128894,89.33333333,0
7.484642094,0.144739379,0.091611678,0.608966728,213.4230769,146.4230769,103.4230769,0.065151515,0.515500645,0.836953243,154.8269231,99,160,66.43363895,20.55378658,32.89259568,161.4230769,0
3.809027778,0.472122245,0.543800843,0.844616638,186.6625,129.0375,89.3625,0.061080147,0.469321326,0.732009804,137.7125,101.925,156.2,58.26200713,17.3744154,29.65028926,141.7375,0
4.284163567,0.720156212,0.135800738,0.697378499,136.0332481,92.93861893,64.73401535,0.049100931,0.389628957,0.533463718,104.1099744,109.1994885,148.9053708,42.19029326,13.35518555,21.69946483,102.5933504,0
1.199494949,0.597194844,0.202076,0.751315236,210.9583333,145.0625,102.6041667,0.065309334,0.513686077,0.827287582,153.3958333,99.58333333,159.7708333,65.79934572,20.20567788,32.47758414,159.7916667,0
1.827840909,0.561061778,0.67775882,0.889904514,202.7166667,139.3166667,98.41666667,0.064524423,0.504260147,0.79496732,147.8833333,100.5666667,158.8166667,63.04674528,19.40102107,31.21285803,153.55,0
4.119897959,0.55132878,0.383114295,0.75813897,183.3125,126.59375,87.109375,0.064135319,0.491535015,0.718872549,135.359375,102.28125,155.65625,57.17635576,17.14154294,29.5572701,139.015625,0
5.118636364,0.654924671,0.243665919,0.747767406,161.9,111.4,77.34545455,0.053152841,0.413543483,0.634901961,121.2727273,105.4727273,152.7,50.40266381,15.35538183,25.69178266,122.6545455,0
2.639583333,0.400988164,0.543712778,0.839299414,198.05,137.9125,93.9375,0.065861583,0.492802694,0.776666667,145.6125,99.75,157.625,62.04371,17.79395201,32.18408836,150.875,0
3.885555556,0.373695005,0.428216461,0.75785075,193.6666667,133.9166667,92.33333333,0.066369654,0.501254844,0.759477124,142.2166667,100.8666667,157.2666667,60.40586574,17.98545241,31.02746279,147.0666667,0
2.920719955,0.685765051,0.345363545,0.78548493,181.1428571,123.2952381,85.53333333,0.060429065,0.481994546,0.710364146,132.9904762,102.8,156.1904762,56.13595764,17.85900493,28.93204251,136.2666667,0
7.735677083,0.37082185,0.248374656,0.674255436,171.0740741,118.9012346,82.09876543,0.063589064,0.484604601,0.670878722,127.9135802,104.0864198,153.4567901,53.38255907,15.58820587,27.28106465,130.2962963,0
1.740262515,0.516736161,0.072031845,0.638553622,199.6928571,133.6928571,98.97142857,0.057452224,0.504428566,0.783109244,144.4,103.0071429,159,61.74449734,21.46601026,28.96759008,149.6928571,0
2.794775132,0.26068337,0.652569523,0.868445216,188.4571429,126.0142857,92.31428571,0.05669864,0.495057373,0.739047619,136.9428571,104.1142857,158.0285714,58.17019458,20.25150688,27.88293953,140.8,0
2.199433107,0.767531932,0.589383833,0.877647628,189.0380952,131.5333333,93.96190476,0.060111462,0.464443287,0.741325864,140.0761905,102.9142857,155.9809524,59.16135705,17.40235771,28.43804794,144.4095238,0
1.594068878,0.182271666,0.883343375,0.95629606,210.3928571,144.4464286,106.125,0.059035356,0.477959848,0.825070028,153.2857143,101.4464286,159.625,65.44489941,20.50934892,30.16158265,159.7678571,0
0.662285053,0.057010011,0.9339069,0.977809961,210.4761905,142.0952381,103.7301587,0.059883649,0.507222826,0.825396825,151.8253968,101.2380952,160.8095238,64.99992063,21.70039832,30.87652894,158.047619,0
4.213010204,0.432523573,0.683330188,0.874878523,185,132.078125,108.5625,0.049745815,0.405644904,0.725490196,140.703125,109.890625,152.90625,59.08470385,16.99924062,20.33557791,145.21875,0
6.712372449,0.377386588,0.140579446,0.595204689,171,121.4375,100.53125,0.047095086,0.392632831,0.670588235,130.953125,111.515625,151.21875,54.52052043,16.21221146,18.64366425,133.921875,0
1.79484127,0.011414602,0.868583554,0.951590845,213.0952381,152.1904762,123.5714286,0.053175628,0.419868962,0.8356676,159.5714286,106.4761905,156.7619048,68.00977369,19.2806416,24.08555765,167.1428571,0
4.481484661,0.642388242,0.247886183,0.712900777,192.8173077,141.9423077,101.0384615,0.066149356,0.421553391,0.756146305,146.9519231,102.4423077,153.3173077,61.79634656,13.86652603,28.36434199,152.5288462,0
4.373556999,0.597979684,0.190271442,0.664841978,195.9047619,143.9047619,102.4880952,0.06868243,0.443635838,0.768253968,148.8690476,102.1190476,153.7380952,62.81196817,14.31023853,28.95788892,154.7261905,0
4.223214286,0.605626858,0.160951284,0.648636557,188.3125,138.4791667,97.5625,0.066341696,0.426563403,0.738480392,143.7083333,102.6875,152.7916667,60.47471204,13.61003596,28.40304167,148.6666667,0
8.811969697,0.460991448,0.217570456,0.678450427,171.2,123.8,87.2,0.057158114,0.386965112,0.671372549,130.9272727,104.8727273,151.3545455,54.26443487,13.2877815,25.77365777,133.8181818,0
5.827430556,0.333465928,0.082996224,0.542319716,189.0148148,137.9555556,97.28888889,0.071353797,0.469976847,0.741234568,143.6592593,102.5777778,153.3185185,60.68235581,14.31171646,28.83137046,148.562963,0
5.297512755,0.039096006,0.74753062,0.887157207,233.875,169.125,120.1428571,0.071798111,0.486361107,0.917156863,173.0535714,96.91071429,159.8928571,73.97093223,18.07899745,34.41946381,182.8928571,0
4.868181818,0.538452392,0.375278176,0.760639881,200.8311688,146.5844156,103.012987,0.067240363,0.441214323,0.787573211,151.5454545,100.8181818,154.8571429,63.90969959,14.86646423,30.17468844,157.8051948,0
5.710275835,0.630717571,0.400033417,0.812478855,186.25,135.1666667,92.51923077,0.062179821,0.411978877,0.730392157,141.0128205,101.75,153.4358974,58.98584631,13.8866567,29.18170032,145.5769231,0
6.428819444,0.350798529,0.574488426,0.839907009,214.2083333,155.3333333,111.0694444,0.067917075,0.454746188,0.84003268,160.125,99.75,157.1388889,67.87488432,16.43336378,31.14448409,167.8333333,0
5.577806122,0.263736683,0.501702578,0.794904792,211.046875,152.984375,111.734375,0.06788995,0.462112588,0.827634804,158.28125,101.28125,156.3125,66.94935087,16.49282893,29.57517789,165.59375,0
3.921994949,0.470423958,0.594086633,0.849372084,212.6909091,155.9181818,109.2818182,0.068333984,0.441776946,0.834081996,159.9090909,99.19090909,156.1545455,67.86267989,15.35151956,31.97257696,167.5545455,0
2.798611111,0.703494766,0.088977687,0.616813973,220.4583333,171.2083333,141.125,0.063150229,0.359871245,0.864542484,172.7083333,107.7708333,152,73.81809679,13.97675151,22.41757172,182.4583333,0
2.89217033,0.245582907,0.181374972,0.701889826,217.9489796,168.9489796,138.4489796,0.063930399,0.364774588,0.854701881,170.9387755,107.7142857,152,72.96094727,13.88334222,22.65725646,179.9489796,0
4.66005291,0.396048213,0.501877889,0.806817681,188.1428571,145.6031746,119.4444444,0.059301041,0.341469412,0.737815126,149.4920635,110.3174603,148.6507937,63.02809186,12.2072754,19.68490492,155.2698413,0
5.72275641,0.341628849,0.083118674,0.572226038,215.0961538,165.9230769,136.4807692,0.06240149,0.36550578,0.843514329,168.1153846,108.1346154,151.9807692,71.89288259,14.15353909,22.22360335,177.1153846,0
3.662728938,0.444471069,0.109527533,0.610992063,213.0952381,164.0952381,134.0952381,0.063291139,0.370734744,0.8356676,166.3571429,108,152,71.19479149,14.06479973,22.5379628,175.0952381,0
3.574107143,0.301806343,0.128619437,0.578169643,216.4375,167.1666667,137.25,0.06293543,0.365887258,0.84877451,169.2916667,107.8333333,152,72.34863062,14.10441876,22.44869376,178.375,0
3.352359694,0.699690814,0.608707102,0.888971139,177.0714286,136.1428571,110.7321429,0.054676948,0.321151724,0.694397759,141.0178571,111.0178571,148.0357143,59.15051822,11.76168177,19.0883779,145.3571429,0
0.868181818,0.164194803,0.942080464,0.975647096,205.375,157.0416667,125.9583333,0.065478415,0.386830197,0.805392157,160.2222222,107.3888889,151.5694444,68.38194242,13.8160503,23.13567617,167.9166667,0
